{
  "unweighted": {
    "O": {
      "mean": 0.964346,
      "std": 0.00032
    },
    "PERSON": {
      "mean": 0.903476,
      "std": 0.009667
    },
    "GOD": {
      "mean": 0.562441,
      "std": 0.030047
    },
    "NORP": {
      "mean": 0.012384,
      "std": 0.006695
    },
    "LOC": {
      "mean": 0.898212,
      "std": 0.015616
    },
    "macro": {
      "mean": 0.668172,
      "std": 0.007218
    },
    "token_acc": {
      "mean": 0.927567,
      "std": 0.000342
    }
  },
  "jmds": {
    "O": {
      "mean": 0.966164,
      "std": 0.001048
    },
    "PERSON": {
      "mean": 0.908829,
      "std": 0.013547
    },
    "GOD": {
      "mean": 0.544601,
      "std": 0.036967
    },
    "NORP": {
      "mean": 0.004977,
      "std": 0.004262
    },
    "LOC": {
      "mean": 0.898423,
      "std": 0.009133
    },
    "macro": {
      "mean": 0.664599,
      "std": 0.007344
    },
    "token_acc": {
      "mean": 0.929144,
      "std": 0.000994
    }
  }
}