{
  "seed": 123,
  "method": "jmds",
  "token_acc": 0.929915,
  "macro": 0.669025,
  "O": 0.96643,
  "PERSON": 0.9165,
  "GOD": 0.553991,
  "NORP": 0.008102,
  "LOC": 0.900105
}