{
  "seed": 1024,
  "method": "unweighted",
  "token_acc": 0.92742,
  "macro": 0.675951,
  "O": 0.964451,
  "PERSON": 0.89133,
  "GOD": 0.600939,
  "NORP": 0.009259,
  "LOC": 0.913775
}