{
  "seed": 42,
  "method": "jmds",
  "token_acc": 0.930142,
  "macro": 0.653044,
  "O": 0.96704,
  "PERSON": 0.927687,
  "GOD": 0.488263,
  "NORP": 0.0,
  "LOC": 0.882229
}