{
  "seed": 789,
  "method": "jmds",
  "token_acc": 0.929782,
  "macro": 0.658939,
  "O": 0.967377,
  "PERSON": 0.89972,
  "GOD": 0.521127,
  "NORP": 0.006366,
  "LOC": 0.900105
}