{
  "seed": 1024,
  "method": "jmds",
  "token_acc": 0.927798,
  "macro": 0.672168,
  "O": 0.96544,
  "PERSON": 0.888534,
  "GOD": 0.596244,
  "NORP": 0.0,
  "LOC": 0.91062
}