{
  "seed": 123,
  "method": "unweighted",
  "token_acc": 0.927836,
  "macro": 0.674428,
  "O": 0.964325,
  "PERSON": 0.902917,
  "GOD": 0.586854,
  "NORP": 0.01794,
  "LOC": 0.900105
}