{
  "seed": 42,
  "method": "unweighted",
  "token_acc": 0.927949,
  "macro": 0.655555,
  "O": 0.964872,
  "PERSON": 0.920495,
  "GOD": 0.516432,
  "NORP": 0.006366,
  "LOC": 0.869611
}