{
  "seed": 789,
  "method": "unweighted",
  "token_acc": 0.927647,
  "macro": 0.668018,
  "O": 0.964177,
  "PERSON": 0.898122,
  "GOD": 0.544601,
  "NORP": 0.022569,
  "LOC": 0.91062
}