{
  "seed": 456,
  "method": "jmds",
  "token_acc": 0.928081,
  "macro": 0.669818,
  "O": 0.964535,
  "PERSON": 0.911706,
  "GOD": 0.56338,
  "NORP": 0.010417,
  "LOC": 0.899054
}