{
  "seed": 456,
  "method": "unweighted",
  "token_acc": 0.926985,
  "macro": 0.666907,
  "O": 0.963904,
  "PERSON": 0.904515,
  "GOD": 0.56338,
  "NORP": 0.005787,
  "LOC": 0.896951
}